﻿ATC코드,ATC코드명,시도명칭,시군구명칭,수량12,금액12,수량11,금액11,수량10,금액10,수량09,금액09,수량08,금액08,수량07,금액07,수량06,금액06,수량05,금액05,수량04,금액04,수량03,금액03,수량02,금액02,수량01,금액01
D08A,ANTISEPTICS AND DISINFECTANTS,서울,강남구,,,,,,,,,,,,,,,,,134,"766,619",34,"864,982",,,,
D08A,ANTISEPTICS AND DISINFECTANTS,서울,강동구,,,,,,,,,,,,,,,,,-,-,2,556,,,,
D08A,ANTISEPTICS AND DISINFECTANTS,서울,서대문구,,,,,,,,,,,,,,,,,200,"11,400",260,"14,820",,,,
D08A,ANTISEPTICS AND DISINFECTANTS,서울,성동구,,,,,,,,,,,,,,,,,0,"5,130",-,-,,,,
D08A,ANTISEPTICS AND DISINFECTANTS,서울,송파구,,,,,,,,,,,,,,,,,17,"90,604",45,"119,236",,,,
D08A,ANTISEPTICS AND DISINFECTANTS,서울,양천구,,,,,,,,,,,,,,,,,-,-,11,627,,,,
D08A,ANTISEPTICS AND DISINFECTANTS,서울,영등포구,,,,,,,,,,,,,,,,,20,"1,140",10,570,,,,
D08A,ANTISEPTICS AND DISINFECTANTS,서울,종로구,,,,,,,,,,,,,,,,,75,"4,275",340,"15,180",,,,